id,sessionUniqueId,bodyUniqueId,name,startDate,endDate,yearOnly,createdAt,updatedAt,personRcsId,positionId
1,,,1st Grand Marshal,1865-01-01,1866-01-01,t,2020-11-18 21:16:45.084+00,2020-11-18 21:16:45.084+00,albert_m_harper,1
2,,,2nd Grand Marshal,1866-01-01,1867-01-01,t,2020-11-18 21:16:45.084+00,2020-11-18 21:16:45.084+00,frank_j_hearne,1
3,,,3rd Grand Marshal,1867-01-01,1868-01-01,t,2020-11-18 21:16:45.084+00,2020-11-18 21:16:45.084+00,virgil_g_bogue,1
4,,,4th Grand Marshal,1868-01-01,1869-01-01,t,2020-11-18 21:16:45.084+00,2020-11-18 21:16:45.084+00,john_pierpoint,1
5,,,5th Grand Marshal,1869-01-01,1870-01-01,t,2020-11-18 21:16:45.084+00,2020-11-18 21:16:45.084+00,thomas_on_morris,1
6,,,6th Grand Marshal,1870-01-01,1871-01-01,t,2020-11-18 21:16:45.084+00,2020-11-18 21:16:45.084+00,george_c_macgregor,1
7,,,7th Grand Marshal,1871-01-01,1872-01-01,t,2020-11-18 21:16:45.084+00,2020-11-18 21:16:45.084+00,david_reeves,1
8,,,8th Grand Marshal,1872-01-01,1873-01-01,t,2020-11-18 21:16:45.084+00,2020-11-18 21:16:45.084+00,daniel_a_tompkins,1
9,,,9th Grand Marshal,1873-01-01,1874-01-01,t,2020-11-18 21:16:45.084+00,2020-11-18 21:16:45.084+00,james_n_caldwell,1
10,,,10th Grand Marshal,1874-01-01,1875-01-01,t,2020-11-18 21:16:45.084+00,2020-11-18 21:16:45.084+00,william_l_fox,1
11,,,11st Grand Marshal,1875-01-01,1876-01-01,t,2020-11-18 21:16:45.084+00,2020-11-18 21:16:45.084+00,morris_s_verner,1
12,,,12nd Grand Marshal,1876-01-01,1877-01-01,t,2020-11-18 21:16:45.084+00,2020-11-18 21:16:45.084+00,coddington_billings_jr,1
13,,,13rd Grand Marshal,1877-01-01,1878-01-01,t,2020-11-18 21:16:45.084+00,2020-11-18 21:16:45.084+00,george_s_davison,1
14,,,14th Grand Marshal,1878-01-01,1879-01-01,t,2020-11-18 21:16:45.084+00,2020-11-18 21:16:45.084+00,robert_r_bridgers,1
15,,,15th Grand Marshal,1879-01-01,1880-01-01,t,2020-11-18 21:16:45.084+00,2020-11-18 21:16:45.084+00,frederick_s_young,1
16,,,16th Grand Marshal,1880-01-01,1881-01-01,t,2020-11-18 21:16:45.084+00,2020-11-18 21:16:45.084+00,thomas_d_whistler,1
17,,,17th Grand Marshal,1881-01-01,1882-01-01,t,2020-11-18 21:16:45.084+00,2020-11-18 21:16:45.084+00,independence_grove,1
18,,,18th Grand Marshal,1882-01-01,1883-01-01,t,2020-11-18 21:16:45.084+00,2020-11-18 21:16:45.084+00,robert_j_pratt,1
19,,,19th Grand Marshal,1883-01-01,1884-01-01,t,2020-11-18 21:16:45.084+00,2020-11-18 21:16:45.084+00,william_a_aycrigg,1
20,,,20th Grand Marshal,1884-01-01,1885-01-01,t,2020-11-18 21:16:45.084+00,2020-11-18 21:16:45.084+00,leverett_s_miller,1
21,,,21st Grand Marshal,1885-01-01,1886-01-01,t,2020-11-18 21:16:45.084+00,2020-11-18 21:16:45.084+00,james_e_larrowe,1
22,,,22nd Grand Marshal,1886-01-01,1886-01-01,t,2020-11-18 21:16:45.084+00,2020-11-18 21:16:45.084+00,edward_b_ashby,1
23,,,23rd Grand Marshal,1886-01-01,1887-01-01,t,2020-11-18 21:16:45.084+00,2020-11-18 21:16:45.084+00,halsey_b_pomeroy,1
24,,,24th Grand Marshal,1887-01-01,1888-01-01,t,2020-11-18 21:16:45.084+00,2020-11-18 21:16:45.084+00,james_m_africa,1
25,,,25th Grand Marshal,1888-01-01,1889-01-01,t,2020-11-18 21:16:45.084+00,2020-11-18 21:16:45.084+00,paul_o_hebert,1
26,,,26th Grand Marshal,1889-01-01,1890-01-01,t,2020-11-18 21:16:45.084+00,2020-11-18 21:16:45.084+00,william_easby_jr,1
27,,,27th Grand Marshal,1894-01-01,1895-01-01,t,2020-11-18 21:16:45.084+00,2020-11-18 21:16:45.084+00,athol_m_miller,1
28,,,28th Grand Marshal,1895-01-01,1896-01-01,t,2020-11-18 21:16:45.084+00,2020-11-18 21:16:45.084+00,henry_b_voorhees,1
29,,,29th Grand Marshal,1896-01-01,1897-01-01,t,2020-11-18 21:16:45.084+00,2020-11-18 21:16:45.084+00,charles_j_mcdonough,1
30,,,30th Grand Marshal,1897-01-01,1898-01-01,t,2020-11-18 21:16:45.084+00,2020-11-18 21:16:45.084+00,thomas_r_lawson,1
31,,,31st Grand Marshal,1898-01-01,1899-01-01,t,2020-11-18 21:16:45.084+00,2020-11-18 21:16:45.084+00,gustave_a_keller,1
32,,,32nd Grand Marshal,1899-01-01,1800-01-01,t,2020-11-18 21:16:45.084+00,2020-11-18 21:16:45.084+00,parley_l_williams_jr,1
33,,,33rd Grand Marshal,1900-01-01,1901-01-01,t,2020-11-18 21:16:45.084+00,2020-11-18 21:16:45.084+00,james_w_davis,1
34,,,34th Grand Marshal,1901-01-01,1902-01-01,t,2020-11-18 21:16:45.084+00,2020-11-18 21:16:45.084+00,william_h_young,1
35,,,35th Grand Marshal,1902-01-01,1903-01-01,t,2020-11-18 21:16:45.084+00,2020-11-18 21:16:45.084+00,edward_w_banker,1
36,,,36th Grand Marshal,1903-01-01,1904-01-01,t,2020-11-18 21:16:45.084+00,2020-11-18 21:16:45.084+00,homer_g_whitmore,1
37,,,37th Grand Marshal,1904-01-01,1905-01-01,t,2020-11-18 21:16:45.084+00,2020-11-18 21:16:45.084+00,cuyler_w_lush,1
38,,,38th Grand Marshal,1905-01-01,1906-01-01,t,2020-11-18 21:16:45.084+00,2020-11-18 21:16:45.084+00,william_s_lozier,1
39,,,39th Grand Marshal,1906-01-01,1907-01-01,t,2020-11-18 21:16:45.084+00,2020-11-18 21:16:45.084+00,herman_s_chalfant,1
40,,,40th Grand Marshal,1907-01-01,1908-01-01,t,2020-11-18 21:16:45.084+00,2020-11-18 21:16:45.084+00,horace_w_rinearson,1
41,,,41st Grand Marshal,1908-01-01,1909-01-01,t,2020-11-18 21:16:45.084+00,2020-11-18 21:16:45.084+00,robert_a_searle,1
42,,,42nd Grand Marshal,1909-01-01,1910-01-01,t,2020-11-18 21:16:45.084+00,2020-11-18 21:16:45.084+00,carl_w_schedler_jr,1
43,,,43rd Grand Marshal,1910-01-01,1911-01-01,t,2020-11-18 21:16:45.084+00,2020-11-18 21:16:45.084+00,james_t_ganson,1
44,,,44th Grand Marshal,1911-01-01,1912-01-01,t,2020-11-18 21:16:45.084+00,2020-11-18 21:16:45.084+00,frank_b_watkins,1
45,,,45th Grand Marshal,1912-01-01,1913-01-01,t,2020-11-18 21:16:45.084+00,2020-11-18 21:16:45.084+00,edward_dp_gross,1
46,,,46th Grand Marshal,1913-01-01,1914-01-01,t,2020-11-18 21:16:45.084+00,2020-11-18 21:16:45.084+00,philip_c_rummel_jr,1
47,,,47th Grand Marshal,1914-01-01,1915-01-01,t,2020-11-18 21:16:45.084+00,2020-11-18 21:16:45.084+00,glenn_w_tisdal,1
48,,,48th Grand Marshal,1915-01-01,1916-01-01,t,2020-11-18 21:16:45.084+00,2020-11-18 21:16:45.084+00,john_h_howard,1
49,,,49th Grand Marshal,1916-01-01,1917-01-01,t,2020-11-18 21:16:45.084+00,2020-11-18 21:16:45.084+00,walter_l_johnson_jr,1
50,,,50th Grand Marshal,1917-01-01,1918-01-01,t,2020-11-18 21:16:45.084+00,2020-11-18 21:16:45.084+00,harry_f_parrott,1
51,,,51st Grand Marshal,1918-01-01,1919-01-01,t,2020-11-18 21:16:45.084+00,2020-11-18 21:16:45.084+00,newell_l_nussbaumer,1
52,,,52nd Grand Marshal,1919-01-01,1920-01-01,t,2020-11-18 21:16:45.084+00,2020-11-18 21:16:45.084+00,john_van_n_richards,1
53,,,53rd Grand Marshal,1920-01-01,1921-01-01,t,2020-11-18 21:16:45.084+00,2020-11-18 21:16:45.084+00,john_s_thompson,1
54,,,54th Grand Marshal,1921-01-01,1922-01-01,t,2020-11-18 21:16:45.084+00,2020-11-18 21:16:45.084+00,neal_d_howard,1
55,,,55th Grand Marshal,1922-01-01,1923-01-01,t,2020-11-18 21:16:45.084+00,2020-11-18 21:16:45.084+00,gardner_s_staunton,1
56,,,56th Grand Marshal,1923-01-01,1924-01-01,t,2020-11-18 21:16:45.084+00,2020-11-18 21:16:45.084+00,william_m_stilwell_jr,1
57,,,57th Grand Marshal,1924-01-01,1925-01-01,t,2020-11-18 21:16:45.084+00,2020-11-18 21:16:45.084+00,george_v_robbins,1
58,,,58th Grand Marshal,1925-01-01,1926-01-01,t,2020-11-18 21:16:45.084+00,2020-11-18 21:16:45.084+00,h_fuller_stearns,1
59,,,59th Grand Marshal,1926-01-01,1927-01-01,t,2020-11-18 21:16:45.084+00,2020-11-18 21:16:45.084+00,marvin_h_anderson,1
60,,,60th Grand Marshal,1927-01-01,1928-01-01,t,2020-11-18 21:16:45.084+00,2020-11-18 21:16:45.084+00,james_m_robbins,1
61,,,61st Grand Marshal,1928-01-01,1929-01-01,t,2020-11-18 21:16:45.084+00,2020-11-18 21:16:45.084+00,bernard_f_wade,1
62,,,62nd Grand Marshal,1929-01-01,1930-01-01,t,2020-11-18 21:16:45.084+00,2020-11-18 21:16:45.084+00,edward_p_kennedy,1
63,,,63rd Grand Marshal,1930-01-01,1931-01-01,t,2020-11-18 21:16:45.084+00,2020-11-18 21:16:45.084+00,richard_e_warren,1
64,,,64th Grand Marshal,1931-01-01,1932-01-01,t,2020-11-18 21:16:45.084+00,2020-11-18 21:16:45.084+00,meredith_h_thompson,1
65,,,65th Grand Marshal,1932-01-01,1933-01-01,t,2020-11-18 21:16:45.084+00,2020-11-18 21:16:45.084+00,howard_h_disbrow,1
66,,,66th Grand Marshal,1933-01-01,1934-01-01,t,2020-11-18 21:16:45.084+00,2020-11-18 21:16:45.084+00,carl_h_wunnenberg,1
67,,,67th Grand Marshal,1934-01-01,1935-01-01,t,2020-11-18 21:16:45.084+00,2020-11-18 21:16:45.084+00,j_russell_schwarting,1
68,,,68th Grand Marshal,1935-01-01,1936-01-01,t,2020-11-18 21:16:45.084+00,2020-11-18 21:16:45.084+00,walter_f_powers_jr,1
69,,,69th Grand Marshal,1936-01-01,1937-01-01,t,2020-11-18 21:16:45.084+00,2020-11-18 21:16:45.084+00,richard_v_anderson,1
70,,,70th Grand Marshal,1937-01-01,1938-01-01,t,2020-11-18 21:16:45.084+00,2020-11-18 21:16:45.084+00,king_ward,1
71,,,71st Grand Marshal,1938-01-01,1939-01-01,t,2020-11-18 21:16:45.084+00,2020-11-18 21:16:45.084+00,eustace_p_hetzel,1
72,,,72nd Grand Marshal,1939-01-01,1940-01-01,t,2020-11-18 21:16:45.084+00,2020-11-18 21:16:45.084+00,henry_t_moeckel,1
73,,,73rd Grand Marshal,1940-01-01,1941-01-01,t,2020-11-18 21:16:45.084+00,2020-11-18 21:16:45.084+00,frank_j_sherry,1
74,,,74th Grand Marshal,1941-01-01,1942-01-01,t,2020-11-18 21:16:45.084+00,2020-11-18 21:16:45.084+00,w_lambert_hawks,1
75,,,75th Grand Marshal,1942-01-01,1942-01-01,t,2020-11-18 21:16:45.084+00,2020-11-18 21:16:45.084+00,allen_r_stokke,1
76,,,76th Grand Marshal,1942-01-01,1943-01-01,t,2020-11-18 21:16:45.084+00,2020-11-18 21:16:45.084+00,jack_v_richards,1
77,,,77th Grand Marshal,1943-01-01,1944-01-01,t,2020-11-18 21:16:45.084+00,2020-11-18 21:16:45.084+00,william_d_peace,1
78,,,78th Grand Marshal,1945-01-01,1946-01-01,t,2020-11-18 21:16:45.084+00,2020-11-18 21:16:45.084+00,frank_p_waters,1
79,,,79th Grand Marshal,1946-01-01,1947-01-01,t,2020-11-18 21:16:45.084+00,2020-11-18 21:16:45.084+00,richard_l_mclaughlin,1
80,,,80th Grand Marshal,1947-01-01,1948-01-01,t,2020-11-18 21:16:45.084+00,2020-11-18 21:16:45.084+00,ronald_f_ball,1
81,,,81st Grand Marshal,1948-01-01,1949-01-01,t,2020-11-18 21:16:45.084+00,2020-11-18 21:16:45.084+00,daymon_e_jordan,1
82,,,82nd Grand Marshal,1949-01-01,1950-01-01,t,2020-11-18 21:16:45.084+00,2020-11-18 21:16:45.084+00,gerald_s_ellsworth,1
83,,,83rd Grand Marshal,1950-01-01,1951-01-01,t,2020-11-18 21:16:45.084+00,2020-11-18 21:16:45.084+00,gibson_w_smith,1
84,,,84th Grand Marshal,1951-01-01,1952-01-01,t,2020-11-18 21:16:45.084+00,2020-11-18 21:16:45.084+00,william_f_payne,1
85,,,85th Grand Marshal,1952-01-01,1953-01-01,t,2020-11-18 21:16:45.084+00,2020-11-18 21:16:45.084+00,geraldo_o_penna,1
86,,,86th Grand Marshal,1953-01-01,1954-01-01,t,2020-11-18 21:16:45.084+00,2020-11-18 21:16:45.084+00,glenn_o_brown,1
87,,,87th Grand Marshal,1954-01-01,1955-01-01,t,2020-11-18 21:16:45.084+00,2020-11-18 21:16:45.084+00,robert_w_fox,1
88,,,88th Grand Marshal,1955-01-01,1956-01-01,t,2020-11-18 21:16:45.084+00,2020-11-18 21:16:45.084+00,larry_o_edwards,1
89,,,89th Grand Marshal,1956-01-01,1957-01-01,t,2020-11-18 21:16:45.084+00,2020-11-18 21:16:45.084+00,david_r_murphy,1
90,,,90th Grand Marshal,1957-01-01,1958-01-01,t,2020-11-18 21:16:45.084+00,2020-11-18 21:16:45.084+00,james_f_morgan,1
91,,,91st Grand Marshal,1958-01-01,1959-01-01,t,2020-11-18 21:16:45.084+00,2020-11-18 21:16:45.084+00,david_e_lord,1
92,,,92nd Grand Marshal,1959-01-01,1960-01-01,t,2020-11-18 21:16:45.084+00,2020-11-18 21:16:45.084+00,william_j_murdoch_jr,1
93,,,93rd Grand Marshal,1960-01-01,1961-01-01,t,2020-11-18 21:16:45.084+00,2020-11-18 21:16:45.084+00,j_gregory_crozier,1
94,,,94th Grand Marshal,1961-01-01,1962-01-01,t,2020-11-18 21:16:45.084+00,2020-11-18 21:16:45.084+00,gary_b_garofalo,1
95,,,95th Grand Marshal,1962-01-01,1963-01-01,t,2020-11-18 21:16:45.084+00,2020-11-18 21:16:45.084+00,michael_d_spear,1
96,,,96th Grand Marshal,1963-01-01,1964-01-01,t,2020-11-18 21:16:45.084+00,2020-11-18 21:16:45.084+00,gordon_n_mcintosh,1
97,,,97th Grand Marshal,1964-01-01,1965-01-01,t,2020-11-18 21:16:45.084+00,2020-11-18 21:16:45.084+00,charles_h_harper,1
98,,,98th Grand Marshal,1965-01-01,1966-01-01,t,2020-11-18 21:16:45.084+00,2020-11-18 21:16:45.084+00,dolf_h_beil,1
99,,,99th Grand Marshal,1966-01-01,1967-01-01,t,2020-11-18 21:16:45.084+00,2020-11-18 21:16:45.084+00,kenneth_a_ullman,1
100,,,100th Grand Marshal,1967-01-01,1968-01-01,t,2020-11-18 21:16:45.084+00,2020-11-18 21:16:45.084+00,alan_p_hald,1
101,,,101st Grand Marshal,1968-01-01,1969-01-01,t,2020-11-18 21:16:45.084+00,2020-11-18 21:16:45.084+00,zachary_i_levine,1
102,,,102nd Grand Marshal,1969-01-01,1970-01-01,t,2020-11-18 21:16:45.084+00,2020-11-18 21:16:45.084+00,w_scott_staruch,1
103,01,senate,103rd Grand Marshal,1970-01-01,1971-01-01,t,2020-11-18 21:16:45.084+00,2020-11-18 21:16:45.084+00,mark_p_rice,1
104,02,senate,104th Grand Marshal,1971-01-01,1972-01-01,t,2020-11-18 21:16:45.084+00,2020-11-18 21:16:45.084+00,thomas_j_engellenner,1
105,03,senate,105th Grand Marshal,1972-01-01,1973-01-01,t,2020-11-18 21:16:45.084+00,2020-11-18 21:16:45.084+00,robert_j_koch,1
106,04,senate,106th Grand Marshal,1973-01-01,1974-01-01,t,2020-11-18 21:16:45.084+00,2020-11-18 21:16:45.084+00,ross_b_gingrich_,1
107,05,senate,107th Grand Marshal,1974-01-01,1975-01-01,t,2020-11-18 21:16:45.084+00,2020-11-18 21:16:45.084+00,donald_michael_stull,1
108,06,senate,108th Grand Marshal,1975-01-01,1976-01-01,t,2020-11-18 21:16:45.084+00,2020-11-18 21:16:45.084+00,gordon_e_michaels,1
109,07,senate,109th Grand Marshal,1976-01-01,1977-01-01,t,2020-11-18 21:16:45.084+00,2020-11-18 21:16:45.084+00,ira_s_tackel,1
110,08,senate,110th Grand Marshal,1977-01-01,1978-01-01,t,2020-11-18 21:16:45.084+00,2020-11-18 21:16:45.084+00,mark_r_feinstein,1
111,09,senate,111st Grand Marshal,1978-01-01,1979-01-01,t,2020-11-18 21:16:45.084+00,2020-11-18 21:16:45.084+00,john_a_malitoris,1
112,10,senate,112nd Grand Marshal,1979-01-01,1980-01-01,t,2020-11-18 21:16:45.084+00,2020-11-18 21:16:45.084+00,paul_j_kowalczyk,1
113,11,senate,113rd Grand Marshal,1980-01-01,1981-01-01,t,2020-11-18 21:16:45.084+00,2020-11-18 21:16:45.084+00,william_p_duggan,1
114,12,senate,114th Grand Marshal,1981-01-01,1982-01-01,t,2020-11-18 21:16:45.084+00,2020-11-18 21:16:45.084+00,peter_traversy,1
115,13,senate,115th Grand Marshal,1982-01-01,1982-01-01,t,2020-11-18 21:16:45.084+00,2020-11-18 21:16:45.084+00,jeffry_a_langan,1
116,13,senate,116th Grand Marshal,1982-01-01,1983-01-01,t,2020-11-18 21:16:45.084+00,2020-11-18 21:16:45.084+00,james_e_laposta,1
117,14,senate,117th Grand Marshal,1983-01-01,1984-01-01,t,2020-11-18 21:16:45.084+00,2020-11-18 21:16:45.084+00,mary_p_garrity,1
118,15,senate,118th Grand Marshal,1984-01-01,1985-01-01,t,2020-11-18 21:16:45.084+00,2020-11-18 21:16:45.084+00,richard_e_glassberg,1
119,16,senate,119th Grand Marshal,1985-01-01,1986-01-01,t,2020-11-18 21:16:45.084+00,2020-11-18 21:16:45.084+00,john_h_cerveny,1
120,17,senate,120th Grand Marshal,1986-01-01,1987-01-01,t,2020-11-18 21:16:45.084+00,2020-11-18 21:16:45.084+00,catherine_eckart,1
121,18,senate,121st Grand Marshal,1987-01-01,1988-01-01,t,2020-11-18 21:16:45.084+00,2020-11-18 21:16:45.084+00,douglas_k_mackechnie,1
122,19,senate,122nd Grand Marshal,1988-01-01,1989-01-01,t,2020-11-18 21:16:45.084+00,2020-11-18 21:16:45.084+00,david_a_sovie,1
123,20,senate,123rd Grand Marshal,1989-01-01,1990-01-01,t,2020-11-18 21:16:45.084+00,2020-11-18 21:16:45.084+00,eric_m_lambiaso,1
124,21,senate,124th Grand Marshal,1990-01-01,1991-01-01,t,2020-11-18 21:16:45.084+00,2020-11-18 21:16:45.084+00,david_w_oconnor,1
125,22,senate,125th Grand Marshal,1991-01-01,1992-01-01,t,2020-11-18 21:16:45.084+00,2020-11-18 21:16:45.084+00,mark_n_fellenz,1
126,23,senate,126th Grand Marshal,1992-01-01,1993-01-01,t,2020-11-18 21:16:45.084+00,2020-11-18 21:16:45.084+00,william_a_wheeler,1
127,24,senate,127th Grand Marshal,1993-01-01,1994-01-01,t,2020-11-18 21:16:45.084+00,2020-11-18 21:16:45.084+00,kristen_delvental,1
128,25,senate,128th Grand Marshal,1994-01-01,1995-01-01,t,2020-11-18 21:16:45.084+00,2020-11-18 21:16:45.084+00,sandeep_jandial,1
129,26,senate,129th Grand Marshal,1995-01-01,1996-01-01,t,2020-11-18 21:16:45.084+00,2020-11-18 21:16:45.084+00,greg_waters,1
130,27,senate,130th Grand Marshal,1996-01-01,1997-01-01,t,2020-11-18 21:16:45.084+00,2020-11-18 21:16:45.084+00,kristen_trout,1
131,28,senate,131st Grand Marshal,1997-01-01,1998-01-01,t,2020-11-18 21:16:45.084+00,2020-11-18 21:16:45.084+00,mamani_datta,1
132,29,senate,132nd Grand Marshal,1998-01-01,1999-01-01,t,2020-11-18 21:16:45.084+00,2020-11-18 21:16:45.084+00,erica_kulesza,1
133,30,senate,133rd Grand Marshal,1999-01-01,2000-01-01,t,2020-11-18 21:16:45.084+00,2020-11-18 21:16:45.084+00,eric_schmidt,1
134,31,senate,134th Grand Marshal,2000-04-01,2001-04-01,f,2020-11-18 21:16:45.084+00,2020-11-18 21:16:45.084+00,joseph_greco,1
135,32,senate,135th Grand Marshal,2001-04-01,2002-04-01,f,2020-11-18 21:16:45.084+00,2020-11-18 21:16:45.084+00,gil_valadez,1
136,33,senate,136th Grand Marshal,2002-04-01,2003-04-01,f,2020-11-18 21:16:45.084+00,2020-11-18 21:16:45.084+00,chris_mather,1
137,34,senate,137th Grand Marshal,2003-04-01,2004-04-01,f,2020-11-18 21:16:45.084+00,2020-11-18 21:16:45.084+00,michael_c_borzumate,1
138,35,senate,138th Grand Marshal,2004-04-01,2005-04-01,f,2020-11-18 21:16:45.084+00,2020-11-18 21:16:45.084+00,michael_dillon,1
139,36,senate,139th Grand Marshal,2005-04-01,2006-04-01,f,2020-11-18 21:16:45.084+00,2020-11-18 21:16:45.084+00,max_yates,1
140,37,senate,140th Grand Marshal,2006-04-01,2007-04-01,f,2020-11-18 21:16:45.084+00,2020-11-18 21:16:45.084+00,carlos_perea,1
141,38,senate,141st Grand Marshal,2007-04-01,2008-04-01,f,2020-11-18 21:16:45.084+00,2020-11-18 21:16:45.084+00,julia_leusner,1
142,39,senate,142nd Grand Marshal,2008-04-01,2009-04-01,f,2020-11-18 21:16:45.084+00,2020-11-18 21:16:45.084+00,kara_chesal,1
143,40,senate,143rd Grand Marshal,2009-04-01,2010-04-01,f,2020-11-18 21:16:45.084+00,2020-11-18 21:16:45.084+00,michael_f_zwack,1
144,41,senate,144th Grand Marshal,2010-04-01,2011-04-01,f,2020-11-18 21:16:45.084+00,2020-11-18 21:16:45.084+00,benjamin_s_hunt,1
145,42,senate,145th Grand Marshal,2011-04-01,2012-01-01,f,2020-11-18 21:16:45.084+00,2020-11-18 21:16:45.084+00,lee_sharma,1
146,42,senate,146th Grand Marshal,2012-02-01,2012-04-01,f,2020-11-18 21:16:45.084+00,2020-11-18 21:16:45.084+00,brownr13,1
147,43,senate,147th Grand Marshal,2012-04-01,2013-04-01,f,2020-11-18 21:16:45.084+00,2020-11-18 21:16:45.084+00,daik,1
148,44,senate,148th Grand Marshal,2013-04-01,2014-04-01,f,2020-11-18 21:16:45.084+00,2020-11-18 21:16:45.084+00,ccarl,1
149,45,senate,149th Grand Marshal,2014-04-01,2015-04-01,f,2020-11-18 21:16:45.084+00,2020-11-18 21:16:45.084+00,keragk,1
150,46,senate,150th Grand Marshal,2015-04-01,2016-04-01,f,2020-11-18 21:16:45.084+00,2020-11-18 21:16:45.084+00,flowem,1
151,47,senate,151st Grand Marshal,2016-04-15,2017-04-07,f,2020-11-18 21:16:45.084+00,2020-11-18 21:16:45.084+00,ilorip,1
152,48,senate,152nd Grand Marshal,2017-04-07,2018-04-01,f,2020-11-18 21:16:45.084+00,2020-11-18 21:16:45.084+00,etzinj,1
153,49,senate,153rd Grand Marshal,2018-04-01,2019-03-01,f,2020-11-18 21:16:45.084+00,2020-11-18 21:16:45.084+00,warnes3,1
154,50,senate,154th Grand Marshal,2019-03-01,2020-05-01,f,2020-11-18 21:16:45.084+00,2020-11-18 21:16:45.084+00,lettkm,1
155,51,senate,155th Grand Marshal,2020-05-01,,f,2020-11-18 21:16:45.084+00,2020-11-18 21:16:45.084+00,naraya5,1
156,10-11,eboard,121th President of the Union,2010-04-01,2011-04-01,f,2020-11-18 21:16:45.451+00,2020-11-18 21:16:45.451+00,spitzm,2
157,11-12,eboard,122th President of the Union,2011-04-01,2012-04-01,f,2020-11-18 21:16:45.451+00,2020-11-18 21:16:45.451+00,gallan,2
158,12-13,eboard,123th President of the Union,2012-04-01,2013-04-01,f,2020-11-18 21:16:45.451+00,2020-11-18 21:16:45.451+00,stackj,2
159,13-14,eboard,124th President of the Union,2013-04-01,2014-04-01,f,2020-11-18 21:16:45.451+00,2020-11-18 21:16:45.451+00,sileog,2
160,14-15,eboard,125th President of the Union,2014-04-01,2015-04-01,f,2020-11-18 21:16:45.451+00,2020-11-18 21:16:45.451+00,amaree,2
161,15-16,eboard,126th President of the Union,2015-04-01,2016-04-01,f,2020-11-18 21:16:45.451+00,2020-11-18 21:16:45.451+00,dvoran,2
162,16-17,eboard,127th President of the Union,2016-04-15,2017-04-07,f,2020-11-18 21:16:45.451+00,2020-11-18 21:16:45.451+00,kirchc3,2
163,17-18,eboard,128th President of the Union,2017-04-07,2018-04-01,f,2020-11-18 21:16:45.451+00,2020-11-18 21:16:45.451+00,randm,2
164,18-19,eboard,129th President of the Union,2018-04-01,2019-03-01,f,2020-11-18 21:16:45.451+00,2020-11-18 21:16:45.451+00,etzinj,2
165,19-20,eboard,130th President of the Union,2019-03-01,2020-05-01,f,2020-11-18 21:16:45.451+00,2020-11-18 21:16:45.451+00,kennec7,2
166,20-21,eboard,131st President of the Union,2020-05-01,,f,2020-11-18 21:16:45.451+00,2020-11-18 21:16:45.451+00,choina,2
167,48,senate,Student Government Communications Committee Chairperson,2017-04-07,2018-04-01,f,2020-11-18 21:16:45.474+00,2020-11-18 21:16:45.474+00,warnes3,4
168,48,senate,Student Life Committee Chairperson,2017-04-07,2018-04-01,f,2020-11-18 21:16:45.474+00,2020-11-18 21:16:45.474+00,merroh,5
169,48,senate,Academic Affairs Committee Chairperson,2017-04-07,2018-04-01,f,2020-11-18 21:16:45.474+00,2020-11-18 21:16:45.474+00,gabbis,6
170,48,senate,Facilities and Services Committee Chairperson,2017-04-07,2018-04-01,f,2020-11-18 21:16:45.474+00,2020-11-18 21:16:45.474+00,bushn,7
171,48,senate,Community Relations Committee Chairperson,2017-04-07,2018-04-01,f,2020-11-18 21:16:45.474+00,2020-11-18 21:16:45.474+00,gardnm4,8
172,48,senate,Senate-Executive Board Liaison,2017-04-07,2018-04-01,f,2020-11-18 21:16:45.474+00,2020-11-18 21:16:45.474+00,venusj2,9
173,48,senate,Internal Reforms Committee Chairperson,2017-04-07,2018-04-01,f,2020-11-18 21:16:45.474+00,2020-11-18 21:16:45.474+00,speras,10
174,48,senate,Class of 2018 Senator,2017-04-07,2018-04-01,f,2020-11-18 21:16:45.474+00,2020-11-18 21:16:45.474+00,meese,15
175,48,senate,Class of 2018 Senator,2017-04-07,2018-04-01,f,2020-11-18 21:16:45.474+00,2020-11-18 21:16:45.474+00,merroh,15
176,48,senate,Class of 2018 Senator,2017-04-07,2018-04-01,f,2020-11-18 21:16:45.474+00,2020-11-18 21:16:45.474+00,speras,15
177,48,senate,Class of 2018 Senator,2017-04-07,2017-10-21,f,2020-11-18 21:16:45.474+00,2020-11-18 21:16:45.474+00,raov3,15
178,47,senate,Class of 2018 Senator,2016-04-15,2017-04-07,f,2020-11-18 21:16:45.474+00,2020-11-18 21:16:45.474+00,speras,15
179,47,senate,Class of 2018 Senator,2016-04-15,2017-04-07,f,2020-11-18 21:16:45.474+00,2020-11-18 21:16:45.474+00,etzinj,15
180,46,senate,Class of 2018 Senator,2015-04-15,2016-04-15,f,2020-11-18 21:16:45.474+00,2020-11-18 21:16:45.474+00,etzinj,15
181,46,senate,Class of 2018 Senator,2014-09-27,2015-04-15,f,2020-11-18 21:16:45.474+00,2020-11-18 21:16:45.474+00,etzinj,15
182,48,senate,Class of 2019 Senator,2017-04-07,2018-04-01,f,2020-11-18 21:16:45.474+00,2020-11-18 21:16:45.474+00,bushn,16
183,48,senate,Class of 2019 Senator,2017-04-07,2018-04-01,f,2020-11-18 21:16:45.474+00,2020-11-18 21:16:45.474+00,rowank,16
184,48,senate,Class of 2019 Senator,2017-04-07,2018-04-01,f,2020-11-18 21:16:45.474+00,2020-11-18 21:16:45.474+00,crochm,16
185,48,senate,Class of 2019 Senator,2017-09-08,2018-04-01,f,2020-11-18 21:16:45.474+00,2020-11-18 21:16:45.474+00,duducs,16
186,48,senate,Class of 2019 Senator,2017-04-07,2017-09-06,f,2020-11-18 21:16:45.474+00,2020-11-18 21:16:45.474+00,chopry,16
187,48,senate,Class of 2020 Senator,2017-04-07,2018-04-01,f,2020-11-18 21:16:45.474+00,2020-11-18 21:16:45.474+00,duffyc2,17
188,48,senate,Class of 2020 Senator,2017-04-07,2018-04-01,f,2020-11-18 21:16:45.474+00,2020-11-18 21:16:45.474+00,wangl17,17
189,48,senate,Class of 2020 Senator,2017-04-07,2018-04-01,f,2020-11-18 21:16:45.474+00,2020-11-18 21:16:45.474+00,thomaj14,17
190,48,senate,Class of 2020 Senator,2017-04-07,2018-04-01,f,2020-11-18 21:16:45.474+00,2020-11-18 21:16:45.474+00,lettkm,17
191,48,senate,Class of 2021 Senator,2017-08-06,2018-04-01,f,2020-11-18 21:16:45.474+00,2020-11-18 21:16:45.474+00,baoj2,18
192,48,senate,Class of 2021 Senator,2017-08-06,2018-04-01,f,2020-11-18 21:16:45.474+00,2020-11-18 21:16:45.474+00,mathem2,18
193,48,senate,Class of 2021 Senator,2017-08-06,2018-04-01,f,2020-11-18 21:16:45.474+00,2020-11-18 21:16:45.474+00,hilln2,18
194,48,senate,Class of 2021 Senator,2017-08-06,2018-04-01,f,2020-11-18 21:16:45.474+00,2020-11-18 21:16:45.474+00,naraya5,18
195,48,senate,Greek Senator (Panhellenic),2017-04-07,2017-12-31,f,2020-11-18 21:16:45.474+00,2020-11-18 21:16:45.474+00,millej19,19
196,47,senate,Student Life Committee Chairperson,2016-04-15,2017-04-07,f,2020-11-18 21:16:45.474+00,2020-11-18 21:16:45.474+00,etzinj,5
197,46,senate,Student Life Committee Chairperson,2015-04-15,2016-04-15,f,2020-11-18 21:16:45.474+00,2020-11-18 21:16:45.474+00,ilorip,5
198,48,senate,Vice Chairperson of the Senate,2017-04-07,2018-04-01,f,2020-11-18 21:16:45.474+00,2020-11-18 21:16:45.474+00,meese,3
199,47,senate,Vice Chairperson of the Senate,2016-04-15,2017-04-07,f,2020-11-18 21:16:45.474+00,2020-11-18 21:16:45.474+00,venusj2,3
200,47,senate,Class of 2017 Senator,2016-04-15,2017-02-01,f,2020-11-18 21:16:45.474+00,2020-11-18 21:16:45.474+00,venusj2,14
201,46,senate,Class of 2017 Senator,2015-04-15,2015-04-15,f,2020-11-18 21:16:45.474+00,2020-11-18 21:16:45.474+00,venusj2,14
202,45,senate,Class of 2017 Senator,2014-09-01,2015-04-15,f,2020-11-18 21:16:45.474+00,2020-11-18 21:16:45.474+00,venusj2,14
203,44,senate,Class of 2017 Senator,2013-10-01,2014-04-01,f,2020-11-18 21:16:45.474+00,2020-11-18 21:16:45.474+00,venusj2,14
204,46,senate,Hospitality Services Advisory Committee Chairperson,2015-04-01,2016-04-01,f,2020-11-18 21:16:45.474+00,2020-11-18 21:16:45.474+00,venusj2,28
205,45,senate,Hospitality Services Advisory Committee Chairperson,2014-09-01,2015-04-01,f,2020-11-18 21:16:45.474+00,2020-11-18 21:16:45.474+00,venusj2,28
206,47,senate,Student Government Communications Committee Chairperson,2017-02-01,2017-04-07,f,2020-11-18 21:16:45.474+00,2020-11-18 21:16:45.474+00,meese,4
207,46,senate,Web Technologies Group Chairperson,2015-04-15,2016-04-15,f,2020-11-18 21:16:45.474+00,2020-11-18 21:16:45.474+00,etzinj,23
208,48,senate,Web Technologies Group Chairperson,2017-04-07,2018-04-01,f,2020-11-18 21:16:45.474+00,2020-11-18 21:16:45.474+00,kochms,23
209,48,senate,Greek Senator (IFC),2017-04-07,2018-04-01,f,2020-11-18 21:16:45.474+00,2020-11-18 21:16:45.474+00,ferras4,20
210,48,senate,Independent Senator,2017-04-07,2018-04-01,f,2020-11-18 21:16:45.474+00,2020-11-18 21:16:45.474+00,qiaot,21
211,48,senate,Independent Senator,2017-04-07,2018-04-01,f,2020-11-18 21:16:45.474+00,2020-11-18 21:16:45.474+00,warnes3,21
212,48,senate,Graduate Senator,2017-04-07,2018-04-01,f,2020-11-18 21:16:45.474+00,2020-11-18 21:16:45.474+00,pandak,22
213,48,senate,Graduate Senator,2017-04-07,2017-09-01,f,2020-11-18 21:16:45.474+00,2020-11-18 21:16:45.474+00,jennis4,22
214,48,senate,Graduate Senator,2017-04-07,2018-04-01,f,2020-11-18 21:16:45.474+00,2020-11-18 21:16:45.474+00,bishoa3,22
215,48,senate,Graduate Senator,2017-04-07,2018-04-01,f,2020-11-18 21:16:45.474+00,2020-11-18 21:16:45.474+00,ashlea,22
216,48,senate,Graduate Senator,2017-04-07,2018-04-01,f,2020-11-18 21:16:45.474+00,2020-11-18 21:16:45.474+00,gardnm4,22
217,48,senate,Graduate Senator,2017-04-07,2018-04-01,f,2020-11-18 21:16:45.474+00,2020-11-18 21:16:45.474+00,angelj2,22
218,48,senate,Secretary,2017-04-07,2018-04-01,f,2020-11-18 21:16:45.474+00,2020-11-18 21:16:45.474+00,wangt9,13
219,48,senate,Parliamentarian,2017-04-07,2017-12-31,f,2020-11-18 21:16:45.474+00,2020-11-18 21:16:45.474+00,millej19,11
220,48,senate,Treasurer,2017-04-07,2018-04-01,f,2020-11-18 21:16:45.474+00,2020-11-18 21:16:45.474+00,pollen,12
221,17-18,eboard,128th President of the Union,2017-04-07,2018-04-01,f,2020-11-18 21:16:45.474+00,2020-11-18 21:16:45.474+00,randm,2
222,17-18,jboard,Judicial Board Chairperson,2017-04-07,2018-04-01,f,2020-11-18 21:16:45.474+00,2020-11-18 21:16:45.474+00,jamesn2,24
223,17-18,uc,Undergraduate President,2017-04-07,2018-04-01,f,2020-11-18 21:16:45.474+00,2020-11-18 21:16:45.474+00,cinnak,25
224,17-18,gc,Graduate Council President,2017-04-07,2017-12-31,f,2020-11-18 21:16:45.474+00,2020-11-18 21:16:45.474+00,scotts,26
225,48,senate,Human Resources Interview Committee Interim Chairperson,2017-04-07,2018-04-01,f,2020-11-18 21:16:45.474+00,2020-11-18 21:16:45.474+00,cuozzm,27
226,48,senate,Hospitality Services Advisory Committee Chairperson,2017-04-07,2018-04-01,f,2020-11-18 21:16:45.474+00,2020-11-18 21:16:45.474+00,freedj2,28
227,48,senate,Elections Commission Chairperson,2017-04-07,2018-04-01,f,2020-11-18 21:16:45.474+00,2020-11-18 21:16:45.474+00,carawc,29
228,17-18,eboard,Union Business Operations Committee Chairperson,2017-04-07,2018-04-01,f,2020-11-18 21:16:45.474+00,2020-11-18 21:16:45.474+00,sunr2,30
229,17-18,eboard,Union Club Operations Committee Chairperson,2017-04-07,2018-04-01,f,2020-11-18 21:16:45.474+00,2020-11-18 21:16:45.474+00,lanee,31
230,17-18,eboard,"Union Marketing, Advertising, and Publicity Committee Chairperson",2017-09-07,2018-04-01,f,2020-11-18 21:16:45.474+00,2020-11-18 21:16:45.474+00,etemai,32
231,17-18,eboard,Union Policies Committee Chairperson,2017-04-07,2018-04-01,f,2020-11-18 21:16:45.474+00,2020-11-18 21:16:45.474+00,choina,33
232,17-18,eboard,Union Programming and Activities Committee Chairperson,2017-04-07,2018-04-01,f,2020-11-18 21:16:45.474+00,2020-11-18 21:16:45.474+00,pencil,34
233,17-18,jboard,Student Motor Vehicle Court Chairperson,2017-04-07,2018-04-01,f,2020-11-18 21:16:45.474+00,2020-11-18 21:16:45.474+00,bermaj,35
234,17-18,uc,Class of 2018 President,2017-04-07,2018-04-01,f,2020-11-18 21:16:45.474+00,2020-11-18 21:16:45.474+00,bucklb,36
235,17-18,uc,Class of 2019 President,2017-04-07,2018-04-01,f,2020-11-18 21:16:45.474+00,2020-11-18 21:16:45.474+00,babuv,37
236,17-18,uc,Class of 2020 President,2017-04-07,2018-04-01,f,2020-11-18 21:16:45.474+00,2020-11-18 21:16:45.474+00,lyonsj7,38
237,17-18,uc,Class of 2021 President,2017-10-02,2018-04-01,f,2020-11-18 21:16:45.474+00,2020-11-18 21:16:45.474+00,lazere,39
